contactId,firstName,lastName,email,phone,extRef,language,unsubscribed,AverageWeeklyPlay,CompletedCount,CompletionRecord,Condition,EducationalAttainment,EnrollmentDate,LastCompletedCount,LastCompletedDay,MaxCompletable,MissedCount,Platforms,RANDOM_ID,Referral,androidLinkedDevice1,eligibilityStatus,gamingPlatforms,onboardingType,phoneType,smPlatforms,tud,tudArray,tudArrayNames,Channel,PrimaryPlatform,androidLinkedDevice3,eligiblePlatformProp,nonsteamWilling,ConditionReminder,InterventionFinished,gpsAuthUrl,iosLinkedDevice1,verifiedSTEAM,NintendoFriendCode,verifiedNINTENDO,ConsecutiveMissedCount,XboxUsername,verifiedXBOX,androidLinkedDevice2,channel,Phone,iosLinkedDevice2,PlaystationUsername,verifiedPS,PhoneType,TestAccount
CID_1qhb8PeyLRej1A3,Thi Ho,null,thi.ho@queens.ox.ac.uk,,,null,false,21,10,"1,2,3,4,5,6,7,8,9,10",control,"Master's degree, professional degree, or doctoral degree",2025-07-15,10,10,10,0,Android,7465523005,5374084672,PrimaryPhone,fullyEligibleAndComplete,Android,in person,Android,"Instagram, Facebook",True,"1,5,8,12,15,19,22,26","Wednesday,Sunday,Wednesday,Sunday,Wednesday,Sunday,Wednesday,Sunday",,,,,,,,,,,,,,,,,,,,,,,
CID_2U9r1VmZq8UkC79,Rinul,null,muhammadrinulwijaya@outlook.com,,,null,false,14,,,,,2025-07-25,,,,,"Android,Non-Steam PC Gaming",8159965403,,PrimaryPhone,fullyEligibleAndComplete,"Non-Steam PC Gaming, iOS, Android",in person,Android,"Instagram, Facebook, X (formerly Twitter)",,,,opr,Non-Steam PC Gaming,Computer,80,True,,,,,,,,,,,,,,,,,,
CID_3iVWl3kaMWj3d4r,Daniil,null,aelifasgt@gmail.com,,,null,false,25,27,"1,2,3,4,5,6,7,8,9,10,11,12,13,14,15,16,17,18,19,20,21,22,23,24,25,26,27",intervention,Bachelor's degree,2025-06-20,27,28,27,0,"Steam,Non-Steam PC Gaming",1905721722,,,fullyEligibleAndComplete,"Steam, Non-Steam PC Gaming, iOS",in person,iPhone,"Instagram, Reddit, Discord",True,"1,2,8,9,15,16,22,23","Saturday,Sunday,Saturday,Sunday,Saturday,Sunday,Saturday,Sunday",dit,Steam,,97,True,Completed,True,https://oxford-study.gameplay.science/api/auth/callback/email?callbackUrl=https%3A%2F%2Foxford-study.gameplay.science%2Fprofile&token=509d8e1bc7c0ce116571faca1b04b0f254c9e9947ea917104ec717d606450cc8&email=1905721722%40qualtrics,PrimaryPhone,1,,,,,,,,,,,,,
CID_200eT2iw43OOV69,Jack,null,jack.miller@st-hughs.ox.ac.uk,,,null,false,10,16,"1,2,3,4,5,6,7,8,9,10,11,12,13,14,15,16",control,"Master's degree, professional degree, or doctoral degree",2025-07-08,16,16,16,0,"Nintendo,Android,Non-Steam PC Gaming",8120040234,,PrimaryPhone,fullyEligibleAndComplete,"Non-Steam PC Gaming, Nintendo Switch, Android",in person,Android,"Reddit, Other",True,"1,5,8,12,15,19,22,26","Wednesday,Sunday,Wednesday,Sunday,Wednesday,Sunday,Wednesday,Sunday",gazette,Non-Steam PC Gaming,,100,True,,,,,0,sw-1688-3159-1886,1,,,,,,,,,,,
CID_OfppXMWoCOsDimJ,Joshi,null,josh.n.hutchins@gmail.com,,,null,false,,23,"2,3,4,5,6,8,9,11,12,13,14,15,16,17,18,19,20,21,23,24,25,27",control,Bachelor's degree,2025-05-19,23,27,27,4,"Steam,Xbox,Nintendo",5331837269,,PrimaryPhone,fullyEligible,,,Android,"Instagram,Facebook,Reddit,Discord",True,"1,6,8,13,15,20,22,27","Tuesday,Sunday,Tuesday,Sunday,Tuesday,Sunday,Tuesday,Sunday",dit,,,100,,,,https://oxford-study.gameplay.science/api/auth/callback/email?callbackUrl=https%3A%2F%2Foxford-study.gameplay.science%2Fprofile&token=9401bbf0f0630ae153470eb0186f4a2728b11bdc049de42f6cca68e02d3f08d7&email=5331837269%40qualtrics,,1,,1,2,Sirjoshi,1,,,,,,,,
CID_1dzuteumXJNCO0F,Robbie,null,robbie.allen@well.ox.ac.uk,,,null,false,,27,"1,2,3,4,5,6,7,8,9,10,11,12,13,14,15,16,17,18,19,20,21,22,23,24,25,26,27",intervention,"Master's degree, professional degree, or doctoral degree",2025-05-30,27,28,27,0,"Android,Xbox",9356780181,,PrimaryPhone,fullyEligibleAndComplete,,in person,Android,"Instagram,Reddit,Other",False,"1,2,8,9,15,16,22,23","Saturday,Sunday,Saturday,Sunday,Saturday,Sunday,Saturday,Sunday",gazette,,,,,Completed,True,,,,,,,aroguemango,1,,,,,,,,
CID_2uq5rWfRiBHHtQJ,Charlotte,null,Charlotte.qi@ccc.ox.ac.uk,,,null,false,,20,"2,3,4,5,6,8,9,11,12,13,14,16,18,20,21,23,24,25,26,27",intervention,High school graduate or equivalent,2025-05-19,20,27,27,7,Android,8166308148,,PrimaryPhone,fullyEligible,,,Android,"Instagram,Facebook,X (formerly Twitter),Discord",False,"1,6,8,13,15,20,22,27","Tuesday,Sunday,Tuesday,Sunday,Tuesday,Sunday,Tuesday,Sunday",opr,,,,,Completed,True,,,,,,1,,,,,,,,,,
CID_1mQKP6O4MXHV513,Callum,null,Callum.friend@oii.ox.ac.uk,,,null,false,8,27,"1,2,3,4,5,6,7,8,9,10,11,12,13,14,15,16,17,18,19,20,21,22,23,24,25,26,27",control,"Master's degree, professional degree, or doctoral degree",2025-06-02,27,28,27,0,"Steam,Non-Steam PC Gaming",5374084672,,PrimaryPhone,fullyEligibleAndComplete,"Steam, Non-Steam PC Gaming",in person,Android,"Instagram, Reddit, X (formerly Twitter), Discord",True,"1,6,8,13,15,20,22,27","Tuesday,Sunday,Tuesday,Sunday,Tuesday,Sunday,Tuesday,Sunday",dit,,,100,True,,,https://oxford-study.gameplay.science/api/auth/callback/email?callbackUrl=https%3A%2F%2Foxford-study.gameplay.science%2Fprofile&token=5b32e25a2b9dd073be85cd0ed881577886fd9322de53c2f125cea30f09e7b3b4&email=5374084672%40qualtrics,,1,,,,,,PC,,,,,,,
CID_3Gm2M7z3VKu4mYf,Listiana,null,listiana.oktavia@chem.ox.ac.uk,,,null,false,,17,"1,2,3,4,5,6,7,8,9,10,11,12,13,14,15,16,17",intervention,"Master's degree, professional degree, or doctoral degree",2025-07-08,17,17,17,0,Android,1929821689,,PrimaryPhone,waitlistLowPlaytime,,in person,Android,Instagram,True,"1,5,8,12,15,19,22,26","Wednesday,Sunday,Wednesday,Sunday,Wednesday,Sunday,Wednesday,Sunday",opr,,,100,,Completed,,,,,,,,,,,opr,,,,,,
CID_1dEtdUg1J8l6G1n,Irina,null,i.chelysheva@brookes.ac.uk,,,null,false,3,25,"1,2,3,4,5,6,7,8,9,10,11,12,13,14,15,16,17,18,19,20,21,22,23,24,25",control,"Master's degree, professional degree, or doctoral degree",2025-06-30,25,25,25,0,Android,4472701185,,PrimaryPhone,waitlistAndComplete,Android,in person,Android,"Instagram, Facebook",True,"1,6,8,13,15,20,22,27","Tuesday,Sunday,Tuesday,Sunday,Tuesday,Sunday,Tuesday,Sunday",dit,,,,,,,,,,,,,,,,,,,,,,
CID_1cUoWrfZaGCaWAC,Ollie,null,oliverwprice@hotmail.com,,,null,false,30,27,"1,2,3,4,5,6,7,8,9,10,11,12,13,14,15,16,17,18,19,20,21,22,23,24,25,26,27",control,Bachelor's degree,2025-06-03,27,28,27,0,"Android,Steam,Non-Steam PC Gaming",9394726886,,PrimaryPhone,fullyEligibleAndComplete,,in person,Android,"Reddit,Discord",True,"1,5,8,12,15,19,22,26","Wednesday,Sunday,Wednesday,Sunday,Wednesday,Sunday,Wednesday,Sunday",reddit,,,100,True,,,https://oxford-study.gameplay.science/api/auth/callback/email?callbackUrl=https%3A%2F%2Foxford-study.gameplay.science%2Fprofile&token=459e5f13f961c5ee428f76dd0a0bcaa627115a2d2311e0b19db96f751a882d96&email=9394726886%40qualtrics,,1,,,,,,,,,,,,,
CID_2YPzJd6VIIuQWea,Naaif,null,ahmed.mohamed@wolfson.ox.ac.uk,,,null,false,,25,"1,2,3,4,5,6,7,8,9,10,11,12,13,14,15,16,17,18,19,20,21,22,23,24,25",intervention,Bachelor's degree,2025-06-30,25,25,25,0,"Android,Steam",4932799854,,PrimaryPhone,waitlistAndComplete,,in person,Android,"TikTok,Instagram,Snapchat,Facebook,Reddit,X (formerly Twitter),Discord,Bluesky,Other",True,"1,6,8,13,15,20,22,27","Tuesday,Sunday,Tuesday,Sunday,Tuesday,Sunday,Tuesday,Sunday",,,,100,,Completed,True,,,1,,,,,,,,,,,,,
CID_3R24URoSdQFeiJS,Lauren,null,laurenc2522@gmail.com,,,null,false,15,21,"1,2,3,4,5,6,8,9,10,13,15,16,17,18,19,21,22,23,24,26,27",intervention,Bachelor's degree,2025-05-19,21,27,27,6,"Steam, Nintendo Switch, iOS, Non-Steam PC Gaming",6090743748,,,fullyEligibleAndComplete,,,iPhone,"Instagram,Facebook,Reddit,Discord,Bluesky",True,"1,6,8,13,15,20,22,27","Tuesday,Sunday,Tuesday,Sunday,Tuesday,Sunday,Tuesday,Sunday",,,,81,,Completed,True,https://oxford-study.gameplay.science/api/auth/callback/email?callbackUrl=https%3A%2F%2Foxford-study.gameplay.science%2Fprofile&token=1c29ca1f9a44b6e1b2f3f89eaf2fecb28ee5a79909131e4505a4450615b70e36&email=6090743748%40qualtrics,iPhone,1,,1,1,,,,,+19255292246,iPad,,,,
CID_1gGgFurVReYh9Re,Tom,null,Hitomhopkins@gmail.com,,,null,false,,11,"1,2,3,4,5,7,8,9,10,11,12",control,Some college but no degree,2025-04-30,11,12,12,1,"iPhone,Xbox,Nintendo",9700566533,,,,"Xbox, Nintendo Switch, iOS",in person,iPhone,"TikTok, Instagram, Snapchat, Reddit, Discord",True,"1,2,8,9,15,16,22,23","Saturday,Sunday,Saturday,Sunday,Saturday,Sunday,Saturday,Sunday",,,,91,,,,,PrimaryPhone,,,1,,,1,,,,,,,,
CID_1NFzlgRif41441W,Shelby,null,shelbyholmes252@gmail.com,,,null,false,15,27,"1,2,3,4,5,6,7,8,9,10,11,12,13,14,15,16,17,18,19,20,21,22,23,24,25,26,27",intervention,"Master's degree, professional degree, or doctoral degree",2025-06-02,27,28,27,0,"Android,Nintendo",5369324021,,PrimaryPhone,fullyEligibleAndComplete,,in person,Android,"Reddit,Instagram",True,"1,6,8,13,15,20,22,27","Tuesday,Sunday,Tuesday,Sunday,Tuesday,Sunday,Tuesday,Sunday",reddit,,,100,,Completed,True,,,,,1,,,,,,,,,,,
CID_3Jz2okhLawvPPS4,Raj,null,sriraj.aiyer@psy.ox.ac.uk,,,null,false,12,14,"1,2,3,4,5,6,7,8,9,10,11,12,13,14",control,"Master's degree, professional degree, or doctoral degree",2025-07-11,14,14,14,0,"Android,Steam,Playstation,Nintendo",3026482373,,PrimaryPhone,fullyEligibleAndComplete,,in person,Android,"Instagram,Reddit,Discord,Other",True,"1,2,8,9,15,16,22,23","Saturday,Sunday,Saturday,Sunday,Saturday,Sunday,Saturday,Sunday",dit,,,100,,,,https://oxford-study.gameplay.science/api/auth/callback/email?callbackUrl=https%3A%2F%2Foxford-study.gameplay.science%2Fprofile&token=976503f45061e81438c19053a44eb4aec2bc36ca818ca5a5fca8d4bb6ddd8155&email=3026482373%40qualtrics,,1,,1,,,,,,,,rajAgain,1,,
CID_1k0qhZ5fK8F2pYP,Nash,null,syeeda.kabir@dpag.ox.ac.uk,,,null,false,7,19,"2,3,4,5,7,8,9,10,12,14,16,17,19,20,21,23,25,26,27",control,"Master's degree, professional degree, or doctoral degree",2025-06-22,19,28,27,8,Android,3797722643,,PrimaryPhone,fullyEligibleAndComplete,,in person,Android,I don't actively use any social media platforms,True,"1,2,8,9,15,16,22,23","Monday,Tuesday,Monday,Tuesday,Monday,Tuesday,Monday,Tuesday",dit,,,,,,,,,,,,,,,,,,,,,,
CID_1oei0odPQokvkh2,Kris,null,Kriskeyser1995@gmail.com,,,null,false,30,21,"1,2,3,4,6,8,9,10,11,12,13,14,15,16,18,20,21,22,23,24,25",control,Some college but no degree,2025-06-23,21,25,25,4,"Steam,Non-Steam PC Gaming",5381621023,,,fullyEligibleAndComplete,"Steam, Non-Steam PC Gaming",in person,iPhone,"Instagram, Reddit, Discord",True,"1,6,8,13,15,20,22,27","Tuesday,Sunday,Tuesday,Sunday,Tuesday,Sunday,Tuesday,Sunday",reddit,Non-Steam PC Gaming,,100,True,,,https://oxford-study.gameplay.science/api/auth/callback/email?callbackUrl=https%3A%2F%2Foxford-study.gameplay.science%2Fprofile&token=b69cc5c9f414226ce0cddbcd80dc20768e48468d2e35063c2bd95d9698121338&email=5381621023%40qualtrics,PrimaryPhone,0,,,,,,,,,,,,,
CID_2CwUf05IcZ7pNl7,Barnaby,null,bfoyster@eclipso.eu,,,null,false,,24,"2,3,4,5,6,8,9,10,12,13,14,15,16,17,18,19,20,21,22,23,24,25,26,27",intervention,High school graduate or equivalent,2025-05-20,24,28,27,3,"Steam,Android",1207938939,,PrimaryPhone,fullyEligible,,,Android,"Discord,Other",True,"1,5,8,12,15,19,22,26","Wednesday,Sunday,Wednesday,Sunday,Wednesday,Sunday,Wednesday,Sunday",orpg,,,100,,Completed,True,,,1,,,1,,,,,,,,,,
CID_2sdN68iTRp13LBj,Bismark,null,dankwabismark52@gmail.com,,,null,false,2,25,"1,2,3,4,5,6,7,8,9,10,11,12,13,14,15,16,17,18,19,20,21,22,23,24,25",intervention,"Master's degree, professional degree, or doctoral degree",2025-06-30,25,25,25,0,Android,2320402074,,PrimaryPhone,waitlistAndComplete,Android,in person,Android,"Instagram, Facebook, X (formerly Twitter), Other",True,"1,6,8,13,15,20,22,27","Tuesday,Sunday,Tuesday,Sunday,Tuesday,Sunday,Tuesday,Sunday",dit,,,,,Completed,True,,,,,,,,,,,,,,,,
CID_Om40UzIP9Lpe7mx,The Horns,null,nick@nickballou.com,,,null,false,8,6,"4,5,8,9,10,12",,"Master's degree, professional degree, or doctoral degree",2025-05-19,2,5,,,"iPhone,Playstation",12345678,,,fullyEligibleAndComplete,,,iPhone,Bsky,,,,,,,,,,,,iPhone,,,,,,,,,,,nbballou,1,,
CID_110molmBGIwb20F,Josh,null,Josh_perryman@live.co.uk,,,null,false,12,23,"1,2,3,4,5,6,7,8,9,10,11,12,13,14,15,16,17,18,20,21,22,23,24",control,"Master's degree, professional degree, or doctoral degree",2025-06-30,23,24,24,1,"Steam,Xbox,Nintendo,Non-Steam PC Gaming",8945493871,,PrimaryPhone,fullyEligibleAndComplete,"Steam,Xbox,Nintendo Switch,Non-Steam PC",in person,Android,"Facebook,Reddit",True,"1,6,8,13,15,20,22,27","Tuesday,Sunday,Tuesday,Sunday,Tuesday,Sunday,Tuesday,Sunday",,,,100,True,,,https://oxford-study.gameplay.science/api/auth/callback/email?callbackUrl=https%3A%2F%2Foxford-study.gameplay.science%2Fprofile&token=776c82bf785eb44bc1aa8841090cb4fa766446387b5f835cd11174c162a30f9a&email=8945493871%40qualtrics,,1,SW-1213-5728-0904,1,,Mosaic Wolf,1,,ovgm,,,,,,
CID_1JF9CmQpVI42Jaj,Chaitanya,null,chaitanyarawat72@gmail.com,,,null,false,15,27,"1,2,3,4,5,6,7,8,9,10,11,12,13,14,16,17,18,19,20,21,22,23,24,25,26,27",intervention,"Master's degree, professional degree, or doctoral degree",2025-06-04,27,28,27,0,"Steam,Non-Steam PC Gaming",7418664905,,PrimaryPhone,fullyEligibleAndComplete,"Steam, Non-Steam PC Gaming",in person,Android,"Instagram, Reddit, Discord, Bluesky",True,"1,4,8,11,15,18,22,25","Thursday,Sunday,Thursday,Sunday,Thursday,Sunday,Thursday,Sunday",dit,,,100,True,Completed,True,https://oxford-study.gameplay.science/api/auth/callback/email?callbackUrl=https%3A%2F%2Foxford-study.gameplay.science%2Fprofile&token=1e11bfe5fec5c6647b46ced23af3ee379cf24290686c939672eb8c0fd759d490&email=7418664905%40qualtrics,,1,,,,,,,,,,,,,
CID_3sc4MOrGl5Tjlp3,Alex,null,Alexcotton1@hotmail.com,,,null,false,9,26,"1,2,3,4,5,6,7,8,9,10,11,12,13,15,16,17,18,19,20,21,22,23,24,25,26,27",control,Some college but no degree,2025-06-17,26,28,27,1,"Steam,Xbox",7130734010,,PrimaryPhone,fullyEligibleAndComplete,,in person,Android,"TikTok,Facebook",True,"1,5,8,12,15,19,22,26","Wednesday,Sunday,Wednesday,Sunday,Wednesday,Sunday,Wednesday,Sunday",dit,,,100,,,,https://oxford-study.gameplay.science/api/auth/callback/email?callbackUrl=https%3A%2F%2Foxford-study.gameplay.science%2Fprofile&token=cfeeacfa24ab186f46d47d0393d39e118d6a1478e1a7385b3ba524e87f088191&email=7130734010%40qualtrics,,1,,,,MrCurleyz,1,,,,,,,Android,
CID_3NUou9J5bAyWGsL,x,null,nishat.tahira@oii.ox.ac.uk,,,null,false,10,0,"0,1,4",control,"Master's degree, professional degree, or doctoral degree",2025-06-16,0,0,0,0,"Android,Steam,Playstation,Xbox,Nintendo",3014827452,,PrimaryPhone,fullyEligibleAndComplete,,in person,Android,TikTok,True,"4,5,8,12,15,19,22,26","Wednesday,Sunday,Wednesday,Sunday,Wednesday,Sunday,Wednesday,Sunday",,,,100,,,,,,0,x,0,0,x,0,,,+447926834935,,x,0,,True
CID_QgEkItQhIkrKkVP,S,null,sam.scholfield@gmail.com,,,null,false,,3,"1,2,3",,"Master's degree, professional degree, or doctoral degree",2025-07-22,3,3,3,0,"Playstation,Android",7854504338,,PrimaryPhone,fullyEligibleAndComplete,,in person,Android,Reddit,True,"1,5,8,12,15,19,22,26","Wednesday,Sunday,Wednesday,Sunday,Wednesday,Sunday,Wednesday,Sunday",,,,100,,,,,,,,,,,,,gazette,,,Scoe999,1,,
CID_1NsHrg6b9O7d6aQ,Stanley,null,tyradouglas@sky.com,,,null,false,2,18,"1,2,3,4,5,6,7,8,9,10,11,12,13,14,15,16,17,18",control,Bachelor's degree,2025-07-07,18,18,18,0,Nintendo,3236077775,,,waitlistAndComplete,Nintendo Switch,in person,iPhone,"Instagram, Facebook, Reddit",True,"1,6,8,13,15,20,22,27","Tuesday,Sunday,Tuesday,Sunday,Tuesday,Sunday,Tuesday,Sunday",opr,,,,,,,,iPhone,,x,0,,,,,,,Mac,,,,
